{"stats":{"minecraft:picked_up":{"minecraft:spruce_log":1},"minecraft:mined":{"minecraft:spruce_leaves":3},"minecraft:custom":{"minecraft:jump":41,"minecraft:time_since_rest":104,"minecraft:leave_game":1,"minecraft:crouch_one_cm":9,"minecraft:damage_dealt":78,"minecraft:deaths":3,"minecraft:sprint_one_cm":5954,"minecraft:play_time":2567,"minecraft:damage_taken":773,"minecraft:time_since_death":0,"minecraft:walk_one_cm":8772,"minecraft:total_world_time":2567,"minecraft:fall_one_cm":1122,"minecraft:fly_one_cm":3911},"minecraft:killed_by":{"minecraft:zombie":2,"minecraft:skeleton":1}},"DataVersion":3953}