{"stats":{"minecraft:picked_up":{"minecraft:dirt":1},"minecraft:used":{"minecraft:dirt":1},"minecraft:mined":{"minecraft:grass_block":1,"minecraft:spruce_leaves":5},"minecraft:custom":{"minecraft:jump":22,"minecraft:time_since_rest":9733,"minecraft:damage_dealt":55,"minecraft:play_time":9733,"minecraft:leave_game":4,"minecraft:sprint_one_cm":254,"minecraft:damage_taken":95,"minecraft:time_since_death":9733,"minecraft:walk_one_cm":2527,"minecraft:total_world_time":9733,"minecraft:fall_one_cm":418,"minecraft:fly_one_cm":423}},"DataVersion":3953}