{"stats":{"minecraft:custom":{"minecraft:jump":93,"minecraft:time_since_rest":2700,"minecraft:leave_game":1,"minecraft:damage_dealt":359,"minecraft:crouch_one_cm":26,"minecraft:deaths":1,"minecraft:sprint_one_cm":5258,"minecraft:play_time":4049,"minecraft:damage_taken":330,"minecraft:time_since_death":2640,"minecraft:walk_one_cm":12124,"minecraft:sneak_time":25,"minecraft:total_world_time":4049,"minecraft:fall_one_cm":404,"minecraft:fly_one_cm":12101,"minecraft:player_kills":2},"minecraft:killed_by":{"minecraft:player":1}},"DataVersion":3953}