{"stats":{"minecraft:crafted":{"minecraft:spruce_planks":8},"minecraft:picked_up":{"minecraft:stick":3,"minecraft:spruce_planks":8,"minecraft:spruce_sapling":2,"minecraft:spruce_log":2,"minecraft:dirt":4},"minecraft:used":{"minecraft:dirt":4,"minecraft:spruce_planks":8},"minecraft:mined":{"minecraft:grass_block":3,"minecraft:spruce_planks":8,"minecraft:dirt":1,"minecraft:spruce_leaves":15,"minecraft:spruce_log":2},"minecraft:custom":{"minecraft:time_since_rest":23063,"minecraft:sprint_one_cm":1171,"minecraft:play_time":23063,"minecraft:damage_taken":85,"minecraft:walk_one_cm":6222,"minecraft:jump":38,"minecraft:damage_dealt":95,"minecraft:leave_game":4,"minecraft:time_since_death":23063,"minecraft:total_world_time":23063,"minecraft:fall_one_cm":739,"minecraft:fly_one_cm":1329}},"DataVersion":3953}