{"stats":{"minecraft:picked_up":{"minecraft:coarse_dirt":1,"minecraft:rotten_flesh":2,"minecraft:dirt":1},"minecraft:used":{"minecraft:rotten_flesh":2,"minecraft:dirt":1,"minecraft:coarse_dirt":1},"minecraft:mined":{"minecraft:short_grass":4,"minecraft:grass_block":1,"minecraft:coarse_dirt":1,"minecraft:tall_grass":1,"minecraft:moss_block":1},"minecraft:custom":{"minecraft:time_since_rest":174,"minecraft:crouch_one_cm":432,"minecraft:sprint_one_cm":21959,"minecraft:play_time":5911,"minecraft:deaths":2,"minecraft:damage_taken":534,"minecraft:walk_one_cm":17424,"minecraft:sneak_time":64,"minecraft:mob_kills":1,"minecraft:jump":217,"minecraft:damage_dealt":347,"minecraft:leave_game":2,"minecraft:time_since_death":142,"minecraft:total_world_time":5911,"minecraft:player_kills":1,"minecraft:fall_one_cm":5158,"minecraft:fly_one_cm":50235},"minecraft:killed_by":{"minecraft:player":2}},"DataVersion":3953}